preprocessing,representation,model,accuracy,macro_f1
extreme,TF-IDF,DeepNN,0.9115833333333333,0.9110796425860301
extreme,Skip-gram,BiLSTM,0.9085833333333333,0.9081648765250875
optimum,TF-IDF,DeepNN,0.9084166666666667,0.9079152794413659
optimum,Skip-gram,BiLSTM,0.9083333333333333,0.9077686825855722
optimum,Skip-gram,BiGRU,0.9049166666666667,0.904220872388636
optimum,Skip-gram,LSTM,0.90325,0.9025079756878576
extreme,Skip-gram,GRU,0.9019166666666667,0.9009441416464519
extreme,Skip-gram,LSTM,0.9014166666666666,0.9004936022941282
extreme,Skip-gram,BiGRU,0.9009166666666667,0.9002149320950134
none,TF-IDF,DeepNN,0.9005,0.9000039999571999
optimum,Skip-gram,GRU,0.8996666666666666,0.8990311517555531
extreme,TF-IDF,LogisticRegression,0.8984166666666666,0.8974876213758847
none,TF-IDF,LogisticRegression,0.8976666666666666,0.8969115917894426
optimum,TF-IDF,LogisticRegression,0.8969166666666667,0.8959405346314999
none,Skip-gram,GRU,0.8916666666666667,0.8907778594928023
none,Skip-gram,BiGRU,0.8873333333333333,0.8865579758095382
extreme,Skip-gram,BiSimpleRNN,0.8850833333333333,0.8840917668342306
optimum,Skip-gram,BiSimpleRNN,0.8814166666666666,0.880495452249128
none,Skip-gram,BiLSTM,0.88,0.877954178765453
none,Skip-gram,LSTM,0.877,0.8753142081817304
extreme,Skip-gram,SimpleRNN,0.6854166666666667,0.6029462795160672
optimum,Skip-gram,SimpleRNN,0.5978333333333333,0.5159667484423738
none,Skip-gram,SimpleRNN,0.4658333333333333,0.3370108469596811
none,Skip-gram,BiSimpleRNN,0.33658333333333335,0.2551611111401847
